sentence,true_label,predicted_label,raw_response,correct
"Blyk is launching first in the UK market in mid-2007 , with other markets to follow .",1,1,neutral,True
Aldata said that there are still a number of operational aspects to be defined between it and Microsoft and further details of the product and market initiatives resulting from this agreement will be available at a later date .,1,1,neutral,True
The contract has been allotted as per lowest price criteria .,1,1,neutral,True
"Finnish GeoSentric 's net sales decreased to EUR 939,000 in January-March 2009 .",0,0,negative,True
Acquisitions have been made and businesses have been well integrated .,2,1,neutral,False
"- The Group -� s cumulative sales during the review period were EUR 48.2 million EUR 53.1 million , 1-9/2007 and profit before taxes was EUR 1.2 1.4 million .",1,1,neutral,True
"Operating profit for the nine-month period increased from EUR3 .1 m and net sales increased from EUR61 .5 m , as compared to the corresponding period in 2007 .",2,1,neutral,False
"The Finnish investment company Sponda is conducting negotiations to acquire the business center Dukat Palace-2 located in the center of Moscow , from London & Regional Properties .",1,1,neutral,True
`` Stonesoft sees great promise in the future of IPv6 .,2,2,positive,True
"With the U.S. Federal Government putting a stake in the ground , vendors - and their customers - are focused on meeting the deadline .",1,1,neutral,True
The bond has a value of EUR150m and a maturity of 4 years .,1,1,neutral,True
"Maggie Ramsey 's wait - and those of thousands of Oregon and Washington guides , anglers and others who flock to his frequent seminars - is nearly over .",1,1,neutral,True
Operating profit fell to EUR 6.2 mn from EUR 8.5 mn in the third quarter of 2007 .,0,0,negative,True
"Most of the raw materials come from Europe and the US and are paid in euros or US dollars , while sales take place in rubles .",1,1,neutral,True
Short-term licenses for the games cost as little as $ 3 while purchasing a game outright can cost as much as $ 10 or $ 15 .,1,1,neutral,True
"Cardona slowed her vehicle , turned around and returned to the intersection , where she called 911 .",1,1,neutral,True
"However , the net sales declined to EUR 803.6 million from EUR 1.2 billion .",0,0,negative,True
"As part of its new strategy , Finnish Biohit is planning to incorporate its diagnostics business into a separate limited company .",1,1,neutral,True
The first group of customers to be trained will be paint-shop owners and their assistants .,1,1,neutral,True
"In Middle East & North Africa , Tecnotree has grown considerably in the recent years .",2,2,positive,True
The energy sector accounted for approximately 33 % and the steel industry for about 57 % of the transportation volume .,1,1,neutral,True
Ms Laakso will be responsible for HKScan 's HR functions and for their development in all of the Group ` smarket areas .,1,1,neutral,True
"Excluding non-recurring items , pre-tax profit surged 45 % to EUR80m .",2,2,positive,True
"In 2009 , Lee & Man had a combined annual production capacity of close to 4.5 million tonnes of paper and 300,000 tonnes of pulp .",1,1,neutral,True
- Cash flow from operating activities before investments was EUR 7.6 million EUR 2.5 million .,1,1,neutral,True
1 February 2011 - Finnish textile and clothing company Marimekko Oyj HEL : MMO1V said today its preliminary operating profit grew to EUR8 .2 m in 2010 from EUR6 .3 m in 2009 .,2,1,neutral,False
"LLC , a voice and data management solution provider to wireless companies with operations worldwide , will be transferring its U.S. deployment operations to the Finnish mobile giant , which includes civil works and site acquisition services .",1,1,neutral,True
"The equipment is designated to Bollore Africa Logistics terminal Societe d'Exploitation du Terminal de Vridi SETV in Abidjan , Ivory Coast and the delivery is scheduled to start in March 2010 .",1,1,neutral,True
He confirmed his view on July 6 .,1,1,neutral,True
"ADPnews - Jul 17 , 2009 - Finland-based steel maker Rautaruukki Oyj Ruukki HEL : RTRKS said today it slipped to a net loss of EUR 184 million USD 259.7 m for the first half of 2009 from a net profit of EUR 2",0,0,negative,True
The stock was hit by the profit warning of Finnish rival Rautaruukki Oyj ( OMX : RTRKS ) .,0,0,negative,True
"Based in Helsinki , Finland , Ramirent has branches in 13 Nordic , central and Eastern European countries .",1,1,neutral,True
Consolidated pretax profit decreased by 69.2 % to EUR 41.0 mn from EUR 133.1 mn in 2007 .,0,0,negative,True
"Niina Nenonen , Marimekko 's current director for clothing , bags and accessories lines , will take up this role .",1,1,neutral,True
"AGJ recorded EUR 43 mln sales in 2006 , most of which was generated by exports to customers in Western Europe , the statement said .",1,1,neutral,True
"Finnish broadband data communication systems provider Teleste Oyj HEL : TLT1V said yesterday it returned to a net profit of EUR 2.7 million USD 3.8 m for the first nine months of 2010 versus a net loss of EUR 579,000 for the same period of 2009 .",2,2,positive,True
"The company 's operating income ( EBIT ) totalled EUR 0.0 mn , up from EUR -0.3 mn year-on-year .",2,1,neutral,False
"Kemira 's R&D organization comprises approximately 750 people , the company said .",1,1,neutral,True
The value of the order is EUR 4mn .,1,1,neutral,True
BasWare Order Matching automatically matches purchase invoices with approved purchase orders .,1,1,neutral,True
Elcoteq SE is Europe 's largest contract electronics maker and has set up a unit in Bangalore in association with Avista Advisory of Mumbai .,1,1,neutral,True
Finnish Aktia Group 's operating profit rose to EUR 17.5 mn in the first quarter of 2010 from EUR 8.2 mn in the first quarter of 2009 .,2,1,neutral,False
"We know that it exists , '' Artemyev said .",1,1,neutral,True
The Group 's order portfolio decreased from EUR 42.9 mn in 9-2007 to EUR 33.3 mn in 2-2008 .,0,0,negative,True
"The aim of the CEO 's Q&A sessions is to give further clarity on information , which has been made public already earlier .",1,1,neutral,True
Finnish Rautaruukki 's engineering division Ruukki Engineering will re-organise its operations in the Mo i Rana plant in Norway .,1,1,neutral,True
"Satama 's net profit for the third quarter of 2007 rose to 275,000 euro ( $ 395,000 ) from 270,000 euro ( $ 388,000 ) for the same period of 2006 .",2,2,positive,True
"As an alternative to the share exchange , Panostaja offers a full cash consideration at the value of 1.27 euro $ 1.7 per share .",1,1,neutral,True
in Q1 2010 18 May 2010 - Finnish electrical components maker Salcomp Oy ( HEL : SAL1V ) said today it turned to a net profit of EUR1 .6 m in the first quarter of 2010 versus a loss of EUR2m in the corresponding period last year .,2,2,positive,True
The use of validation rule base enables verifying that processing rule bases managed by different administrators fulfil some set requirements .,1,1,neutral,True
Storengy is the GDF SUEZ company that is dedicated to the underground storage of natural gas .,1,1,neutral,True
"It 's even a little bit higher than Yara 's multiples on itself , ' an analyst in Helsinki said .",1,1,neutral,True
"Taking a cue from the playbook of the East Dillon Lions , we 've created a special team of heavy-hitting style players , such as boot-cut jeans , tummy tops and , of course , cowboy boots .",1,1,neutral,True
Teleste has some 30 offices worldwide and is listed on the Nordic Exchange in Helsinki .,1,1,neutral,True
The new SEPA cads will replace Finnish bank cards .,1,1,neutral,True
"Rohwedder Group is an automotive supplies , telecommunications and electronics industry provider for customers in Europe , North America and Asia .",1,1,neutral,True
"Fiskars R , founded in 1649 , is one of the oldest companies in the world and is the largest manufacturer of lightweight stainless steel scissors in the U.S. .",1,1,neutral,True
"The share sale , to foreign and Finnish investors , is expected to raise some euro300 million ( US$ 380 million ) .",1,1,neutral,True
Its other well-known brands include fitness equipment maker Precor and U.S. - based ball sports equipment maker Wilson .,1,1,neutral,True
"With CapMan as a partner , we will be able to further develop our business and continue to focus on providing quality restaurant services for our customers , '' says Christopher Wynne , CEO of Papa John 's Russia .",2,2,positive,True
An international conference call and audio webcast concerning the financial result January-March 2010 will begin at 14.00 EET .,1,1,neutral,True
Aldata to Share Space Optimization Vision at Apollo User Group and 2009 Category Management Association Conferences ; Company Will Unveil New Solution that Combines Business Intelligence with Space Planning Data at Conferences,1,1,neutral,True
"The first installment of the Cinema Series concludes with a profile of Finnish inventor Olavi Linden , whose personal artistic journey and work at Fiskars has led to dozens of design awards .",1,1,neutral,True
"Operating result showed a loss of EUR 2.9 mn , while a year before , it showed a profit of EUR 0.6 mn .",0,0,negative,True
"The fair value of the investment properties totaled EUR 2,534.9 mn , up from EUR 2,455.1 mn in 2006 .",2,1,neutral,False
"Rockwell Collins is a provider of flight deck , cabin and information management solutions for business aircraft operators .",1,1,neutral,True
"In February 2011 , new wording of Identity Documents Act that makes Mobile ID a state-approved electronic document as of February 1st 2011 entered into force .",1,1,neutral,True
"Kiosk and cinema operations have suffered , in particular .",0,0,negative,True
"Copper , lead and nickel also dropped ... HBOS ( HBOS ) plummeted 20 % to 70.3 pence after saying this year+� ??",0,0,negative,True
Strong growth has continued also in China .,2,2,positive,True
Profit for the period fell to EUR 1.6 mn from EUR 7.5 mn in January-September 2008 .,0,0,negative,True
Honkarakenne Oyj - a world-leading manufacturer of genuine wooden homes - will be sponsoring Finnish crosscountry skier Virpi Kuitunen for the next three years .,1,1,neutral,True
The ISO certification demonstrates that we are moving forward in our quality commitments to our customers . ',2,1,neutral,False
"Both operating profit and net sales for the three-month period increased , respectively from EUR16 .0 m and EUR139m , as compared to the corresponding quarter in 2006 .",2,2,positive,True
He is a member of the Board of numerous com-panies and a shareholder of the Boardman Ltd board specialist net-work .,1,1,neutral,True
Pretax profit decreased by 37 % to EUR 193.1 mn from EUR 305.6 mn .,0,0,negative,True
Protalix is developing genetically engineered proteins from plant cells .,1,1,neutral,True
"Operating profit , excluding non-recurring items , totaled EUR 0.2 mn , down from EUR 0.8 mn in the corresponding period in 2006 .",0,0,negative,True
"Creating interfaces that are more similar to interactions in the real world can enable experiences that are more natural and intuitive , in the same way that modern games and movies are more immersive through the use of realistic 3-D graphics .",1,2,positive,False
"ALEXANDRIA , Va. , Oct. 6 -- United States Patent no. 7,804,288 , issued on Sept. 28 , was assigned to Vacon Oyj ( Vaasa , Finland ) .",1,1,neutral,True
Finnish publishing and printing group Ilkka-Yhtym+� will introduced a staff smoking ban as of the beginning of 2007 at the company 's three newspapers .,1,1,neutral,True
Teleste was set up in 1954 and is divided into Broadband Cable Networks and Video Networks business areas .,1,1,neutral,True
Rental of building equipment accounted for 88 percent of the operating income .,1,1,neutral,True
"It operates under three distinct brands : United Supermarkets , Market Street and United Supermercado .",1,1,neutral,True
"` Sanoma is a buyer not a target , ' he said .",1,1,neutral,True
"Byline : Tim Moran Cellular phone giant Nokia Corp. is offering $ 8.1 billion for digital map supplier NAVTEQ Corp. , of Chicago .",1,1,neutral,True
"The purchase price will be paid in cash upon the closure of the transaction , scheduled for April 1 , 2009 .",1,1,neutral,True
"The most important export markets are Norway , Germany , Russia and France .",1,1,neutral,True
"Ahlstrom 's 5,800 employees serve customers via sales offices and production facilities in more than 20 countries on six continents .",1,1,neutral,True
"However , the company saw its net profit for the third quarter down to EUR1 .4 m from EUR1 .5 m for the corresponding period of 2009 .",0,0,negative,True
"ADP News - Feb 25 , 2009 - Finnish printed circuit board PCB maker Aspocomp Group Oyj HEL : ACG1V said today it swung to a net profit of EUR 300,000 USD 385,000 for 2008 versus a net loss of EUR 65.3 million",2,2,positive,True
"Consisting of seven interconnected units , Mega Image 's logistics center will be 347 metres in length and 12 metres in height .",1,1,neutral,True
Aspocomp intends to set up a plant to manufacture printed circuit boards with an investment of Rs310 crore .,1,1,neutral,True
"In April-June 2008 , Scanfil 's net sales totalled EUR 58.7 mn and operating profit EUR 6.6 mn .",1,1,neutral,True
The net sales of Healthcare Trade business in 2009 were EUR 145.1 million EUR 155.2 million and operating profit EUR 8.9 million EUR 7.9 million .,1,1,neutral,True
"The building complex consists of high-quality office and retail space totalling 49,200 square metres , the company said .",1,1,neutral,True
"The Annual Report will be sent automatically to shareholders holding at least 2,000 Sampo plc shares .",1,1,neutral,True
Veracel is preparing an appeal in the issue and has asked the court for clarification of the judgement .,1,1,neutral,True
"The company reported net sales of EUR550m in 2005 and had some 3,200 employees .",1,1,neutral,True
`` Directors and shareholders alike should ask why these practices were allowed to continue . '',1,0,negative,False
"Svyturys-Utenos Alus , which is controlled by the Nordic group Baltic Beverages Holding ( BBH ) , posted a 6.1 percent growth in beer sales for January-September to 101.99 million liters .",2,1,neutral,False
Our tools are specifically designed with the needs of both the business users and ICT experts in mind .,1,1,neutral,True
"Agricultural newspaper Maaseudun Tulevaisuus had 318,000 readers , representing a decrease of 6 % .",0,1,neutral,False
Finnish component supplier Componenta Corporation OMX Helsinki : CTH1V said on Monday 16 June that it is changing its pricing cycle due to the increase of raw material prices .,1,1,neutral,True
Both the net sales and operating profit were record high in the company 's history .,2,2,positive,True
"After the split , the number of K shares will be 9 540 000 and the number of A shares 26 885 540 .",1,1,neutral,True
"The total number of voting rights is 74,612,523 .",1,1,neutral,True
This new partnership agreement represents a significant milestone for both parties .,2,2,positive,True
Cargotec Germany GmbH has been awarded a contract by Stadtverwaltung Mainz for chassis bodies under Open procedure .,2,1,neutral,False
Electricity consumption grows with higher frequencies .,1,2,positive,False
J+�rvi-Suomen Portti is also planning to reduce the use of sodium nitrite .,1,1,neutral,True
"Net sales surged by 18.5 % to EUR167 .8 m. Teleste said that EUR20 .4 m , or 12.2 % , of the sales came from the acquisitions made in 2009 .",2,1,neutral,False
"The 10,000-odd square metre plot that Stockmann has bought for the Nevsky Center shopping center is located on Nevsky Prospect , St Petersburg 's high street , next to the Vosstaniya Square underground station , in the immediate vicinity of Moscow Station .",1,1,neutral,True
The robust growth was the result of the inclusion of clothing chain Lindex in the Group in December 2007 .,2,2,positive,True
"Finnish pharmaceuticals company Orion reports profit before taxes of EUR 70.0 mn in the third quarter of 2010 , up from EUR 54.9 mn in the corresponding period in 2009 .",2,2,positive,True
The dividend will come on top of the 0.45 eur on A shares and 0.43 on K shares it has already paid on last year 's accounts .,1,1,neutral,True
Elcoteq expects its net sales for the last quarter of 2010 to be on the level of the third quarter .,1,1,neutral,True
Number of offers received for this contract is two .,1,1,neutral,True
And U.S. energy executives say high steel prices are threatening energy exploration .,0,0,negative,True
"The sale will result in a capital loss of EUR5m for Solidium , which obtained Tikkurila shares in March 2010 .",0,0,negative,True
The order was worth EUR 8mn .,1,1,neutral,True
"`` Because we 're a pension insurance company , we 're required to diversify and not put too much in one asset class .",1,1,neutral,True
The EA Reng group posted sales of approximately 84 million kroons for 2007 .,1,1,neutral,True
"Danske Bank A-S DANSKE DC jumped 3.7 percent to 133.4 kroner , rebounding from yesterday s 3.5 percent slide .",2,2,positive,True
"The total investment in the company will be EUR58m , of which Wartsila 's share will be EUR29m .",1,1,neutral,True
"After the acquisition , Basware 's preliminary pro forma net sales for 2005 amount to EUR 52.6 mn , and preliminary pro forma operating profit amounts to EUR 7.1 mn .",1,1,neutral,True
"These include software development for internet and mobile telephone content , communications , value-added software , financial services , security applications , systems integration and electronics , '' EBRD informed .",1,1,neutral,True
The mill has long traditions and holds an established position in the markets .,2,1,neutral,False
"Operating profit totaled EUR 3.8 mn , down from EUR 4.5 mn in the corresponding period in 2005 .",0,0,negative,True
"The company will publish its financial statement for 2008 on February 25 , 2009 .",1,1,neutral,True
The proposal that the Board of Directors will make at the Annual General Meeting is attached as a whole to this release .,1,1,neutral,True
Operating loss amounted to EUR 0.7 mn compared to a profit of EUR 0.8 mn in the second quarter of 2005 .,0,0,negative,True
All rights reserved .,1,1,neutral,True
"The repo rate will gradually reach 2 % at the end of 2010 , according to Nordea 's Economic Outlook .",1,1,neutral,True
"The Finland-based company says it will move into an existing 260,000-square-foot facility in September .",1,1,neutral,True
"Our in-depth expertise extends to the fields of energy , industry , urban & mobility and water & environment .",1,1,neutral,True
"HELSINKI AFX - Salcomp , the mobile phone charger manufacturer , said it has appointed Markku Hangasjarvi as its new CEO , following the resignation of Mats Eriksson .",1,1,neutral,True
This acquisition supports our strategy of being close to our customers all around the world offering both equipment and related services .,2,2,positive,True
"Following the acquisitions , Panostaja will establish a new business unit which will focus on heat treatment of metals .",1,1,neutral,True
"Westpac Banking Corp - Is to issue a benchmark , 3 year FRN deal in Euros .",1,1,neutral,True
The secondary antenna can also be used for reception of the high power signal of the radar to calibrate the transmission channels of the radar . '',1,1,neutral,True
Net sales fell by 5 % from the previous accounting period .,0,0,negative,True
"The report profiles 158 companies including many key and niche players including major Nonwovens manufacturers such as Ahlstrom Corporation , Asahi Kasei Corporation , Buckeye Technologies , Inc. , EI .",1,1,neutral,True
The power generated annually by Loviisa covers about 10 % of Finland 's electricity consumption .,1,1,neutral,True
More staff has been recruited in Japan to further complement its network of close to 50 service locations in more than 20 countries worldwide .,2,1,neutral,False
He wore a black beanie-type cap and a black jacket .,1,1,neutral,True
From Merisatama to the far corners of the world Asfaltti Osakeyhti+� Lemmink+�inen was established in 1910 by a group of master builders in Helsinki as a specialist business and subcontractor .,1,1,neutral,True
Finnish elevators and escalators maker KONE Corporation said on Tuesday ( 18 March ) that it has received a major order from Sir Robert McAlpine to supply all elevators and escalators for the Watermark Place project in the City of London .,2,1,neutral,False
Union and company officials did not return calls yesterday .,1,1,neutral,True
It is hand-painted resin with real 14-0 trebles and is 75cm long by 25cm deep from top to bottom of the middle hook .,1,1,neutral,True
20 October 2010 - Finnish metal products company Componenta Oyj HEL : CTH1V said yesterday that its net loss narrowed to EUR7m for the first nine months of 2010 from EUR23 .3 m for the same period of 2009 .,2,1,neutral,False
"A replay will be available until 27 October 2006 in the following numbers : US callers : +1 617-�801-�6888 , non-US callers : +44 20 7365 8427 , access code : 2659 5401 .",1,1,neutral,True
"Luxembourg-registered investment fund Amber Trust II has won the final approval of Lithuania 's Competition Council to acquire 29.6 percent of Sanitas , the country 's largest pharmaceutical producer .",2,1,neutral,False
"The firm is headquartered in Vantaa , southern Finland and has 16 employees .",1,1,neutral,True
"Once your plants are in the ground they will continue to grow , but the success of any garden lies in how well it 's maintained .",1,1,neutral,True
The contract is for next year .,1,1,neutral,True
It is expected to be online by 2011 .,1,1,neutral,True
This will bring cost savings of about EUR 3mn a year .,2,1,neutral,False
"The order comprises all production lines for a plywood mill , company said in a statement received by Lesprom Network .",1,1,neutral,True
Elisa has commissioned Finland 's Poyry Telecom Oy to conduct a study of reception in some of Estonia 's largest cities besides Tallinn .,1,1,neutral,True
"Fiskars , a 360-year-old global business best known for its orange-handled scissors , expects to derive synergies of EUR5 million a year by consolidating certain parts of the housewares division where the two compete .",2,1,neutral,False
"However , the brokers ' ratings on the stock differ .",1,1,neutral,True
"Jukka Hienonen , the current Finnair CEO , will step down at the end of January 2010 .",1,1,neutral,True
"Repair and maintenance business accounted for net sales of EUR 645.3 mn , up from EUR 563.6 mn .",2,1,neutral,False
"Its annual capacity is some 10,000 MW .",1,1,neutral,True
"Foundries division reports its sales increased by 9.7 % to EUR 63.1 mn from EUR 57.5 mn in the corresponding period in 2006 , and sales of the Machine Shop division increased by 16.4 % to EUR 41.2 mn from EUR 35.4 mn in the corresponding period in 2006 .",2,1,neutral,False
"Galeria Podlaska , a shopping mall on Wysockiego Street in Bia ` ystok , is approximately 60-percent leased or reserved .",1,1,neutral,True
"One price category is for calls on the preferred operator 's network , and another for calls on other operators ' networks .",1,1,neutral,True
Finnish Bore that is owned by the Rettig family has grown recently through the acquisition of smaller shipping companies .,2,1,neutral,False
The pretax profit of the group 's life insurance business increased to EUR36m from EUR27m .,2,1,neutral,False
Net sales surged by 30 % to EUR 36 million .,2,2,positive,True
"The parties have also agreed that L+�nnen Tehtaat has the right to sell the remaining shares in Suomen Rehu to Hankkija-Maatalous 15 months after the purchase of the majority holding , at the earliest .",1,1,neutral,True
"In 2009 , Stora Enso 's net loss was EUR 879.7 million compared to EUR 673.4 million in the previous year .",0,0,negative,True
Fortum had intended to spend as much as ( EURO ) 2.7 bn to become the sole owner of TGK-10 .,1,1,neutral,True
"Sales in Finland decreased by 2.0 % , and international sales decreased by 9.3 % in terms of euros , and by 15.1 % in terms of local currencies .",0,0,negative,True
"At 3:37 p.m. Eastern time , a block of 2,400 contracts changed hands at a bid price of $ 0.45 .",1,1,neutral,True
"As a condition to the deal , Savcor Alfa has to have bought Photonium and Akseli Lahtinen Inc. 's business operations prior to the deal .",1,1,neutral,True
A huge issue for us is the button placement .,1,0,negative,False
"Based upon its unique fiber expertise and innovative approach , the company has a strong market position in several business areas in which it operates .",2,2,positive,True
Strategic and operational business information is objectively reported .,1,1,neutral,True
"After piloting , the instrument will be further developed according to the experiences gained .",1,1,neutral,True
"The Network Test Business is part of Elektrobit 's Test and Automation Business Segment and employs 39 people in Finland and 22 people abroad , mainly in the US and Asia .",1,1,neutral,True
"`` After the share purchase is completed , financing will also be provided to expand Latvia 's broadband infrastructure and to develop new areas of business , including acquisitions of other companies . ''",2,2,positive,True
Okmetic has used the furnaces for the contract manufacturing of solar crystals .,1,1,neutral,True
The EPS improved to EUR0 .38 from EUR0 .27 .,2,1,neutral,False
Earnings per share EPS amounted to EUR0 .01 .,1,1,neutral,True
The financial statements release will be available after publishing on the Company 's internet pages at www.cargotec.com .,1,1,neutral,True
And that 's exactly what happened on a recent weekday when an East Haven baker was brought in to remind residents about the Easter tradition of making wheat and rice pies .,1,1,neutral,True
"In the video above Marimekko 's design manager , Noora Niiininoski , explains that the brands are a natural fit for each other because they both have a timeless style .",1,1,neutral,True
( The acquisition sum has not been disclosed . ),1,1,neutral,True
Cision says the sale will return its U.K. operation to profitability .,2,2,positive,True
"About 36 % of this came from Aspo Chemicals , 39 % from Aspo Shipping and 25 % from Aspo Systems .",1,1,neutral,True
Tiimari operates 194 stores in six countries -- including its core Finnish market -- and generated a turnover of 76.5 mln eur in 2005 .,1,1,neutral,True
"Incap Contract Manufacturing Services Pvt Ltd , a subsidiary of Incap Corporation of Finland , plans to double its revenues by 2007-2008 .",2,2,positive,True
"Subscribers of China Unicom , the nation 's second largest mobile phone operator after China Mobile , are expected to release pictures , videos and blog on the Internet via mobile phones as of March 2008 .",1,1,neutral,True
"The company said that the operations will be sold to a newly established company , CPS GmbH , where the present management of the plastics business is a co-owner .",1,1,neutral,True
Return on investment ROI was 4.1 % compared to 43.8 % in the first half of 2008 .,0,1,neutral,False
The following information was released by Comptel : Tomorrow the Chairman of the Federal Communications Commission is scheduled to deliver the National Broadband Plan to Congress .,1,1,neutral,True
Finnish Cargotec has been awarded a significant order for a total of 292 Hiab loader cranes by BAE Systems in the US .,2,1,neutral,False
The combined value of the orders is EUR 45mn .,1,1,neutral,True
All are welcome .,1,1,neutral,True
"Combining the two producers will create a strong EU-based fertilizer industry capable of meeting global competition , they added .",2,2,positive,True
UNC Charlotte would also deploy SSH Tectia Connector to enable secure application connectivity .,1,1,neutral,True
Operating profit totaled EUR 17.7 mn compared to EUR 17.6 mn in the corresponding period in 2007 .,2,1,neutral,False
"It is Estonia 's second-largest meat processing company by market share ( according to AC Nielsen 's 2008 data , 13 percent ) .",1,1,neutral,True
"The restructuring creates a more efficient organization with increased operational focus and stable profitability , and leads to more efficient production , said Bo Annvik , head of Specialty Stainless .",2,2,positive,True
Sports equipment sales also progressed well owing to the prolonged winter season .,2,2,positive,True
"Among other industrial stocks , Metso added 0.53 pct to 40.04 eur , Wartsila B was down 0.77 pct at 47.87 eur and Rautaruukki K was 1.08 pct lower at 37.56 eur .",1,1,neutral,True
"The sale of Savcor FACE to Cencorp will result in a profit or loss which can not yet be determined , owing to factors including the valuation of the consideration shares to be received and prevailing exchange rates .",1,0,negative,False
Gunneflo will be responsible of Oriola-KD 's Pharmaceutical Trade business in Sweden .,1,1,neutral,True
Operating profit rose to EUR 9.2 mn from EUR 6.8 mn in the corresponding period in 2007 .,2,1,neutral,False
"The company is involved in the the sale of financial products including insurance , mortgages , car and personal loans , financial brokerage and equipment finance leasing .",1,1,neutral,True
"Elisa Corporation will disclose its financial statements for 2006 on Thursday , 8 February 2007 .",1,1,neutral,True
LONDON MarketWatch -- Share prices ended lower in London Monday as a rebound in bank stocks failed to offset broader weakness for the FTSE 100 .,0,0,negative,True
"According to the Finnish-Russian Chamber of Commerce , all the major construction companies of Finland are operating in Russia .",1,1,neutral,True
"A coker crane will be supplied to Tesoro Corporation 's Golden Eagle Refinery in Martinez , California , while a similar crane will be delivered to BP 's Castell refinery in Spain .",1,1,neutral,True
"Nordic banks have already had to write off sizable loans in Latvia , with Swedbank , Nordea , DnB NOR and SEB reporting combined losses in excess of $ 1.35 billion in the period 2007 to 2010 against a backdrop of near economic meltdown in Latvia .",0,0,negative,True
"It comes complete with an LCD touch screen system for selection of your chosen function and prices start at around the pounds 4,805 mark .",1,1,neutral,True
"In the building and home improvement trade , sales decreased by 6.3 % , totalling EUR 154.1 mn .",0,0,negative,True
The company will make its marketing and sales investments initiated in 2009 even more efficient in 2010 .,2,1,neutral,False
"The acquisition does not have to be from the frozen foods or fish sector , as long as it has synergies with L+�nnen Tehtaat 's other businesses .",1,1,neutral,True
"The number of class A shares remains unchanged at 9,526,089 shares .",1,1,neutral,True
Capital base and capital adequacy measurement is based on approaches under Basel II .,1,1,neutral,True
The company said that sales in the three months to the end of March slid to EUR86 .4 m US$ 113.4 m from EUR91 .2 m last year .,0,0,negative,True
"The order includes a log handling line , peeling line and drying line for the production of parquet base layer veneer for Plyfa 's Hassela mill , central Sweden .",1,1,neutral,True
"STOCKMANN plc COMPANY ANNOUNCEMENT February 20 , 2007 , at 13.40 An annual summary of Stockmann 's stock exchange and financial press releases in 2006 is available on the company 's website at the address www.stockmann.com .",1,1,neutral,True
Registration is required .,1,1,neutral,True
Last year 's net sales rose to EUR 68.3 million from EUR 62.2 million .,2,1,neutral,False
"The project will be a 2 x 600 MW coal-fired power plant , located some 420 km south of Hanoi , the company said .",1,1,neutral,True
"As a result , the company currently anticipates net sales to increase and the operating result to be positive .",2,2,positive,True
Outotec 's net profit for the second quarter of 2007 jumped to 16.8 mln euro ( $ 23.1 mln ) from 4.6 mln euro ( $ 6.3 mln ) a year ago .,2,2,positive,True
No financial information was provided .,1,1,neutral,True
"This action follows personnel negotiations concerning Elcoteq SE , Finnish Branch , Elcoteq Finland Oy and Elcoteq Design Center Oy .",1,1,neutral,True
Productional situation has now improved .,2,2,positive,True
"`` Overall , we 're pleased with the startup curve ... and we 're pleased with the quality of the paper , '' Stora spokeswoman Patricia Dietz said Tuesday .",2,1,neutral,False
"Jeder Beta-Tester erh+�lt kostenlos sechs Monate lang Updates und hat laut eigener Aussage die M+�glichkeit , die finale Version zu beeinflussen .",1,1,neutral,True
"The deal covers Stockmann Auto Oy Ab 's sales and after-sales services concerning Volkswagen and Audi in Helsinki , Espoo and Vantaa .",1,1,neutral,True
No decision on such sale of the now issued or existing treasury shares to YA Global has been made yet .,1,1,neutral,True
"Finnish IT solutions provider Affecto Oyj said today that it has won a frame contract , valued at some EUR2m , to implement the next phase of its insurance application for South African Mutual & Federal Insurance Company Limited M&F .",2,1,neutral,False
"Tecnomen , headquartered in Espoo , Finland , develops messaging and charging solutions for telecomms operators and service providers worldwide .",1,1,neutral,True
Finnish developer and manufacturer of mobile phone chargers Salcomp Plc OMX Helsinki : SAL1V on Wednesday 19 November lowered its full-year net sales estimate .,0,0,negative,True
"An  of the invention , released by the Patent Office , said : `` The chambers are pressurized .",1,1,neutral,True
`` These developments partly reflect the government 's higher activity in the field of dividend policy . '',1,1,neutral,True
NORDIC BUSINESS REPORT-26 June 2006-Metso Corporation wins EUR50m equipment order in Australia -� 1998-2006 M2 COMMUNICATIONS LTD The Finnish engineering and technology group Metso Corporation said on Monday ( 26 June ) that it has received a EUR50m equipment order in Australia .,2,1,neutral,False
"Tyrv+�inen is of the opinion that the airline has been repeating this for some time already , however .",1,1,neutral,True
The company is also featured in the Ethibel Pioneer Investment Register and included in Innovest 's Global 100 list of the world 's most sustainable corporations .,2,1,neutral,False
"Both operating profit and net sales for the 12-month period increased , respectively from EUR20 .8 m and EUR177 .7 m , as compared to the financial year 2004 .",2,1,neutral,False
"Proha Plc ( Euronext :7327 ) announced today ( 19 May ) that its fully-owned subsidiary , Safran Software Solutions AS , has agreed to sell its 49 % share of Safran North America LLC to a SNA Holding AS , an investment group based in Norway .",1,1,neutral,True
"However , the company saw its net profit for the third quarter down to EUR 1.4 million from EUR 1.5 million for the corresponding period of 2009 .",0,0,negative,True
"The Bristol Port Company has sealed a one million pound contract with Cooper Specialised Handling to supply it with four 45-tonne , customised reach stackers from Konecranes .",2,1,neutral,False
The aim is an annual improvement in Ruukki Construction 's operating profit of more than EUR 3 million USD 4.1 m starting in 2009 .,2,2,positive,True
"Net interest income was EUR 39.3 mn , up from EUR 32.7 mn .",2,1,neutral,False
We offer our customers solutions based on renewable raw materials .,1,1,neutral,True
Sales of mid-strength beer decreased by 40 % .,0,0,negative,True
"Currently the Terminator lures are produced in a subcontract facility in Mexico but the manufacturing will be transferred to Rapala 's factory in Shenzhen , China .",1,1,neutral,True
The machinery now ordered will be placed in a new mill with an annual production capacity of 40 000 m3 of overlaid birch plywood .,1,1,neutral,True
Ponsse will divide its sales and maintenance service network into six geographical areas .,1,1,neutral,True
"Based on the 2005 calendar year the combined company had EUR15 .8 bn in pro forma annual revenues and is expected to start operations with 60,000 employees .",1,1,neutral,True
Stichting Pensioenfonds ABP : 4 118 122 shares representing 5.19 % of the share capital and voting rights .,1,1,neutral,True
The rebuilds are designed to improve the machines ' performance and product quality .,2,1,neutral,False
The business to be divested generates consolidated net sales of EUR 60 million annually and currently has some 640 employees .,1,1,neutral,True
"Finnish electronics contract maker Incap Oyj said on January 3 , 2008 it sold its manufacturing facilities in Helsinki to local real estate company Sponda Oyj for 5.3 mln euro ( $ 7.8 mln ) .",1,1,neutral,True
Operating profit for 2009 lower than outlook published earlier .,0,0,negative,True
"Finnish bank Pohjola Bank Plc HEL : POH1S said today that it will issue a EUR 40 million USD 51.2 m index-linked bond , Pohjola Tutkimuksen Tahdet VIII-2010 Pohjola Research Stars VIII-2010 , on October 27 , 2010 .",1,1,neutral,True
Donations to universities The Annual General Meeting authorized the Board of Directors to donate max .,1,1,neutral,True
The expansion will be delivered in the fourth quarter of 2006 .,1,2,positive,False
"H+�kan Dahlstr+�m , head of mobility services at TeliaSonera , has forecast that mobile data volume on the TeliaSonera network in Sweden will rise eight-fold to 200,000 TB by 2014 .",2,2,positive,True
"In the second quarter of 2010 , the group 's pretax loss narrowed to EUR 400,000 from EUR 600,000 .",2,1,neutral,False
"In 2009 , it reported net sales of approximately EUR 6mn .",1,1,neutral,True
"Finnish flexible packaging manufacturer Suominen Corporation reports net sales of EUR 54.5 mn in the first quarter of 2008 , compared with EUR 54.3 mn a year earlier .",2,1,neutral,False
"Digia said its consolidated net sales for January-June 2010 were EUR67 .8 m , up 9.7 % on the same period in 2009 ( EUR61 .9 m ) .",2,1,neutral,False
Lieksaare Oy has earlier been regarded under the control of Saarelainen Oy and the individual shareholders under the shareholder agreement .,1,1,neutral,True
It will focus on improving its profitability next year by streamlining operations .,2,2,positive,True
Net sales in 2008 are expected to be on the same level as in 2007 .,1,1,neutral,True
"As a result , 12 people will be made redundant and a total of 67 persons are laid off temporarily .",0,0,negative,True
"In a note to clients published , the Dutch broker described the company 's third quarter results as ` soft ' , although it also noted that Elcoteq retained its guidance , dealers said .",1,1,neutral,True
"ADP News - Apr 22 , 2009 - Finnish business information systems developer Solteq Oyj HEL : STQ1V said today its net loss widened to EUR 189,000 USD 245,000 for the first quarter of 2009 from EUR 10,000 for the same peri",0,0,negative,True
Operating profit rose to EUR 4.7 mn from EUR 4.6 mn .,2,1,neutral,False
"The company recorded revenues of E658 .1 million during the fiscal year ended December 2007 , an increase of 23 % over 2006 .",2,1,neutral,False
"26 October 2010 - Finnish environmental management company Lassila & Tikanoja Oyj ( HEL : LAT1V ) , or L&T , said today its net profit declined to EUR20 .9 m for the first nine months of 2010 from EUR27 .6 m for the same period a year earlier .",0,0,negative,True
The building will house product development and test laboratories .,1,1,neutral,True
Okmetic 's silicon wafers are part of a further processing chain that produces end products that improve human interaction and quality of life .,1,2,positive,False
"Finnish dental care group Oral Hammaslaakarit Oyj posted a total net profit of 849,000 euro $ 1.1 mln in the first nine months of 2006 versus a net loss of 331,000 euro $ 421,000 in the same period of 2005 .",2,2,positive,True
Operating profit decreased to EUR 16mn from EUR 21.1 mn in 2008 .,0,0,negative,True
"BasWare Invoice Processing , BasWare Contract Matching , BasWare Order Matching and BasWare KPI Reporting Tool are part of the BasWare 's Enterprise Purchase to Pay solution suite .",1,1,neutral,True
"ALEXANDRIA , Va. , June 7 -- Michael G. Williams of Newbury Park , Calif. , has developed a network device .",1,1,neutral,True
"At 1411 CET , ArcelorMittal had lost 7.26 % to EUR 17.38 on Euronext Paris , coming at the lead of the blue-chip fallers .",0,0,negative,True
"Fortum holds 90.2 pct of the share capital and 94.4 pct of the voting rights in the company , which it now plans to delist from the Warsaw Stock Exchange .",1,1,neutral,True
This is the company 's first contract abroad .,1,1,neutral,True
"OTHER  North-Rhine Westphalia - Is to issue a benchmark , 5 year fixed rate deal in Euros .",1,1,neutral,True
"The employer , together with health personnel , supports quitting and pays part of the cost of nicotine treatments .",1,1,neutral,True
"In addition , the existing service counter area in the reception hall will be rebuilt and access provided to local rail connections .",1,1,neutral,True
Clothing chain Sepp+�l+� 's net sales increased by 7.0 % to EUR 30.8 mn .,2,1,neutral,False
"`` We continued actively to focus R&D and to position our offering away from point solutions towards dynamic end-to-end solutions , '' Ervio stated .",2,1,neutral,False
"At the close , the OMX Helsinki 25 was 0.01 pct lower at 3,067.64 points and the OMX Helsinki was down 0.05 pct at 10,321.46 points on over 1.343 bln eur of turnover .",0,1,neutral,False
"According to Scanfil , demand for telecommunications network products has fluctuated significantly in the third quarter of 2006 , and the situation is expected to remain unstable for the rest of the year .",0,0,negative,True
"Componenta is a metal sector company with international operations and production plants located in Finland , the Netherlands , Sweden and Turkey .",1,1,neutral,True
The acquisition price was not disclosed .,1,1,neutral,True
"Additionally , the company will use the solutions to automate the preparation of financial statements according to IFRS standard .",1,1,neutral,True
"The podcast , sees Harple provide the low-down on GyPSii 's platform , which takes someone 's location and demographic information to produce a contextual index of the world around them .",1,1,neutral,True
Pharmaceutical market in Poland Global Research & Data Services published recently a market analysis about the pharmaceutical markets in Poland .,1,1,neutral,True
Finnish KCI Konecranes has raised its net sales growth estimate for 2006 from over 25 % to over 35 % .,2,2,positive,True
"The EBRD is using its own funds to provide a 21.6 mln A loan while the B portion of 10 mln Euros has been syndicated to two Finnish commercial banks , Nordea Bank Finland Plc 7.7 mln Euros and Pohjola Bank Plc 2.3 mln Euros .",1,1,neutral,True
Kauko-Telko 's centralized administration will be dissolved and appropriate parts of it will be transferred to operating activities and Group administration by the end of the year .,1,1,neutral,True
Finnish media group Talentum has issued a profit warning .,0,0,negative,True
"Risto Jalo , chief executive of Dormus Print and also owner of the remainder of the company , will keep his position after the acquisition .",1,1,neutral,True
"Nokia said it still expects to sell 150 more million Symbian devices in years to come , giving an indication of how it expects the Phone 7 handoff to work .",1,1,neutral,True
"Following the acquisition , Relacom will strengthen its presence in Finland , serving operators and office market with mobile and fixed networks construction , installation and maintenance services .",2,1,neutral,False
"Operating profit totalled EUR 0.4 mn , up from an operating loss of EUR 0.8 mn year-on-year .",2,1,neutral,False
The value of the orders is over EUR 10mn .,1,1,neutral,True
"`` In terms of profitability and earnings 2007 was the best year in our history , '' Chief Executive Veli-Matti Mattila said .",2,2,positive,True
Ruukki forecast a 15-20 % annual sales growth and a positive pretax result for 2010 .,2,2,positive,True
Relations with the City have been further damaged by comments from Mr Ashley criticising City investors and analysts as `` cry babies '' .,0,0,negative,True
The value of the contract is EUR 25mn .,1,1,neutral,True
"`` Small firms are suffering at the moment because they are likely to have money trouble , '' he added .",0,0,negative,True
"Finnish shipping company Finnlines , of the Grimaldi Group , reports its net sales decreased to EUR 241.8 mn in January-June 2009 from EUR 384.0 mn in the corresponding period in 2008 .",0,0,negative,True
"Fiskars has a strong portfolio of international brands , which include Fiskars , Iittala , Gerber , Silva and Buster .",2,1,neutral,False
Absolut Bank is exploring the possibility of further borrowing .,1,1,neutral,True
Mobile communication and wireless broadband provider Nokia Inc NYSE : NOK today set new financial targets and forecasts for Nokia and the mobile device industry and also for Nokia Siemens Networks and the mobile and fixed infrastructure and related services market .,1,1,neutral,True
"A Helsinki : ELIiV today reported EPS of EUR1 .13 for 2009 , an increase over EPS of EUR1 .12 in 2008 .",2,1,neutral,False
"The closing of the transaction is scheduled to take place on January 10 , 2008 .",1,1,neutral,True
The total value of these two contracts is over EUR 21 million .,1,1,neutral,True
"Teollisuuden Voima Oyj , the Finnish utility known as TVO , said it shortlisted Mitsubishi Heavy s EU-APWR model along with reactors from Areva , Toshiba Corp. , GE Hitachi Nuclear Energy and Korea Hydro & Nuclear Power Co. .",1,1,neutral,True
"`` Lining stone sales were also good in the early autumn , and order books are strong to the end of the year .",2,2,positive,True
"Finnish power supply solutions and systems provider Efore Oyj said its net loss widened to 3.2 mln euro $ 4.2 mln for the first quarter of fiscal 2006-2007 ending October 31 , 2007 from 900,000 euro $ 1.2 mln for the same period of fiscal 2005-06 .",0,0,negative,True
28 October 2010 - Finnish wood products technology supplier Raute Oyj HEL : RUTAV said today it swung to a net profit of EUR3m for the first nine months of 2010 versus a net loss of EUR5 .2 m for the same period a year earlier .,2,2,positive,True
M-real 's sales are expected to have increased by 4 % year-on-year to EUR609m in the second quarter of 2010 .,2,1,neutral,False
It 's not .,1,1,neutral,True
"Supported Nokia phones include : N96 , N95-8GB , N95 , N93-N931 , N92 , N85 , N82 , N81 , N80 , N79 , N78 , N77 , N76 , N75 , N73 , N72 , N71 , E90 , E71 , E70 , E66 , E65 , E62 , E61-E61i , E60 , E51 , E50 , Touch Xpress 5800 , 6220 Classic , 6210 Navigator , 6120 Classic , 6110 Navigator , 5700 , 5500 , 5320XM .",1,1,neutral,True
The Line 4 will run fully underground and will comprise 10 stations which will be executed in two implementation stages .,1,1,neutral,True
"According to Kesko , the company agreed with the city administration about lease of the building in 2006 , its resettlement and construction of a five-star hotel Hilton for 120 rooms .",2,1,neutral,False
"Earnings per share for January-June 2010 were EUR0 .30 , an increase of 20 % year-on-year EUR0 .25 .",2,1,neutral,False
"Outotec said it won new orders worth 492.9 mln eur during the quarter , compared with 240.4 mln eur a year earlier .",2,1,neutral,False
The front surfaces of these valve plates are directed towards each other .,1,1,neutral,True
Another noticeable thing is that the search for Tata and Airtel brands was mostly related to ` broadband connections ' .,1,1,neutral,True
"According to CEO Matti Perkonoja of the parent company HKScan , the company 's performance in the first quarter of 2010 has remained clearly below the level of the corresponding period in 2009 .",0,0,negative,True
The bank forecasts Finland 's GDP will grow by 2 % in 2010 and in 2011 .,2,2,positive,True
"Insurer Axa ( PAR : CS ) slid by 5.35 % to EUR 14.15 , after Citigroup and ING slashed their targets on the stock .",0,0,negative,True
"Ahlstrom , headquartered in Helsinki , Finland , is a global company involved in the development , manufacture and marketing of high performance fibre-based materials .",1,1,neutral,True
"The copying , republication or redistribution of AFX News Content , including by framing or similar means , is expressly prohibited without the prior written consent of AFX News .",1,1,neutral,True
Net interest income increased by 4.5 % to EUR 31.4 mn from EUR 30.0 mn in 2004 .,2,1,neutral,False
"In addition , MIDs are always online and enable full Internet browsing .",1,1,neutral,True
"In July-September 2009 , Konecranes ' sales decreased to EUR 368.7 mn from EUR 520.4 mn in July-September 2008 .",0,1,neutral,False
"The company operates worldwide and employs in total approximately 47,000 persons .",1,1,neutral,True
Below are unaudited consolidated results for Aspocomp Group under IFRS reporting standards .,1,1,neutral,True
"Operating profit was EUR 139.7 mn , up 23 % from EUR 113.8 mn .",2,1,neutral,False
"In the financial statement for the first quarter of 2010 , Tikkurila is reported under discontinued operations .",1,1,neutral,True
The report contains category level company and brand share as well as distribution share information for 2007 and 2008 .,1,1,neutral,True
"Operating profit totalled EUR 30.2 mn , down from EUR 43.8 mn a year earlier .",0,0,negative,True
Satama 's net sales would be higher than the year before .,2,1,neutral,False
"2010 16 July 2010 - Finnish steel maker Rautaruukki Oyj HEL : RTRKS , or Ruukki , said today it turned to a net profit of EUR20m in the second quarter of 2010 from a net loss of EUR94m in the corresponding period last year .",2,2,positive,True
"EXEL COMPOSITES IN BRIEF Exel Composites is a technology company which designs , manufactures and markets composite profiles and tubes for industrial applications .",1,1,neutral,True
"Nokia will continue to invest in future development of Qt , and Digia will be responsible for commercial licensing and services business .",1,1,neutral,True
"Operating margin , however , slipped to 14.4 % from 15.1 % , dragged down by a poor performance in enterprise solutions .",0,0,negative,True
Cash flow from business operations totalled EUR 0.4 mn compared to a negative EUR 15.5 mn in the first half of 2008 .,2,0,negative,False
"The inventors are Bylander Johan , Ponten Fredrik and Lundberg Jorgen .",1,1,neutral,True
"The total value of the order , placed by Aspo ' marine transportation subsidiary ESL Shipping Oy , is EUR 60 million ( USD 77.5 m ) .",1,1,neutral,True
"Sponda is a property investment company , specialising in commercial properties in the largest cities in Finland and Russia .",1,1,neutral,True
Exel is headquartered in Mantyharju in Finland .,1,1,neutral,True
Alfa group will have 43.9 % of voting stock in the new company and Telenor 35.4 % with a free float of 20.7 % .,1,1,neutral,True
Finnish Bank of +�land reports its operating profit rose to EUR 21.3 mn in the second quarter of 2009 from EUR 6.1 mn in the corresponding period in 2008 .,2,2,positive,True
"Finnish Kemira 's net sales EUR decreased to EUR 1,259.6 mn in January-June 2009 from EUR 1,425.1 mn in January-June 2008 .",0,0,negative,True
"Fiskars , the World 's  1 Scissors Brand TM , recently won Learning -� Magazine 's 2011 Teachers ' Choice Award for the Classroom .",2,2,positive,True
"schwalm ( at ) outotec.com Eila Paatela , Vice President - Corporate Communications tel. +358 20 529 2004 , mobile +358 400 817198 e-mail eila .",1,1,neutral,True
"The stock price rose 70.0 ores or 0.9 % to close at SEK77 .65 , ending a two-day streak of losses .",2,2,positive,True
Rivals say Qualcomm has fewer patents on 3G phones than on earlier versions and should lower its rates .,0,0,negative,True
"New Delhi , July 17 -- Sahlberg Teppo , Kallio Timo and Mustonen Tuomas of M Real OYJ , Espoo , Finland have developed novel markings and methods of producing the same .",1,1,neutral,True
"According to Gran , the company has no plans to move all production to Russia , although that is where the company is growing .",1,1,neutral,True
`` We have the most expensive water brand in Finland at the moment . '',1,1,neutral,True
"Profit for the period was EUR 5.9 mn , up from EUR 1.3 mn .",2,2,positive,True
The new units should become one of the largest ones within the company .,1,2,positive,False
"Also , a six-year historic analysis is provided for this market .",1,1,neutral,True
"In addition to the demand in Finland , the export of lining stone products also increased .",2,1,neutral,False
"The store is located in Poznan in a shopping center named Pestka , the company added .",1,1,neutral,True
Filmiteollisuus Fine Ab will be transferred to Talentum Oyj in the form of a subsidiary .,1,1,neutral,True
hu will offer a further discount of between 25 % and 50 % on selected books .,1,1,neutral,True
Russia wants to utilise its huge forest reserves in a very different way from what has been done so far .,1,1,neutral,True
"Also , CBA is to issue a benchmark , 10 year fixed rate deal in Euros .",1,1,neutral,True
"A corresponding increase of 85,432.50 euros in Ahlstrom 's share capital has been entered in the Trade Register today .",1,1,neutral,True
"The launch of the plant in June went well , and it has been producing the advanced fuel for a couple of weeks .",2,2,positive,True
The new location is n't the only change Wellmont has in store for its air transport service .,1,1,neutral,True
"Nokia Siemens Networks provides mobile and fixed network infrastructure , communications and networks service platforms , as well as professional services , to operators and service providers .",1,1,neutral,True
"However , net sales in 2010 are seen to have grown to EUR598 .3 m from EUR582 .3 m in 2009 .",2,1,neutral,False
The ECB can mainly target inflation .,1,1,neutral,True
"Nevertheless , its market share rose to 49.14 percent from 48.51 percent a year earlier .",2,1,neutral,False
The company aims to maintain this trend in profitability during the current year .,2,2,positive,True
The service also enables users to watch e-mails in HTML format en is enhanced with 23 addition languages to choose from .,1,1,neutral,True
Sales increased due to growing market rates and increased operations .,2,2,positive,True
"The Russian gas giant invested another 46 million litas in the company in late 2004 and now owns 99.5 percent of its stock capital , which amounts to 86.936 million litas .",1,1,neutral,True
"`` The change will optimize the operational efficiencies of our growing business , '' said Julia Prohaska , director of marketing communications for Fiskars .",2,1,neutral,False
Solidium now holds 5.0 per cent of the shares Solidium Oy has acquired 5.0 per cent of the shares in Tieto Corporation for approximately EUR 58 million .,1,1,neutral,True
"VDW combined with LXE devices enhances productivity , enabling workers to use a single device to perform voice , scanning and keyboard functions .",2,2,positive,True
The company reported today an operating loss of EUR0 .1 m on net sales of EUR4 .5 m for the first quarter 2008 .,0,0,negative,True
Major Order in India Comptel Corporation has received a significant long-term order for mediation and provisioning solutions being used by a leading operator in India .,2,2,positive,True
"Bilfinger investors cheered the agreement , pushing shares up 7 % , or & euro ; 3.30 , to & euro ; 50.29 , in afternoon trade .",2,2,positive,True
"Following the divestment , Fiskars 's Outdoor unit will comprise the brands Gerber , Silva and Buster , and will focus on multi-tools , knives , compasses , mobile lighting , pedometers , and aluminium boats .",1,1,neutral,True
"SAN FRANCISCO ( MarketWatch ) -- Nokia Corp , the world 's largest cell-phone maker , is using the Consumer Electronics Show in Las Vegas to introduce a high-end , thin folding phone , according to a media report Monday .",1,1,neutral,True
Pharmaceuticals - Netherlands This brand-new market analysis gives a clear overview of the actual situation and future outlook of the pharmaceutical market in Netherlands .,1,1,neutral,True
Efore has decided to establish a company for eletric vehicle ( EV ) business in China .,1,1,neutral,True
"Ahlstrom , headquartered in Helsinki , Finland , is a global leader in the development , manufacture and marketing of high performance fibre-based materials .",1,1,neutral,True
He joined Rautakirja in 1997 to lead one of its four business areas and took up the position of President and CEO in 2001 .,1,1,neutral,True
"The mall will be financed on a parity basis by Pearl Plaza LLC , the joint venture company established by the Chinese investor Shanghai Industrial Investment Holdings Co Ltd , and SRV Group .",1,1,neutral,True
`` The new unit is a major investment in the Finnish media scene .,1,2,positive,False
The company expects its net sales in 2008 to increase 5-10 % from 2007 .,2,2,positive,True
"Following the registration , the share capital of Biotie is EUR 52,556,678.10 .",1,1,neutral,True
"It holds 38 percent of Outokumpu 's shares and voting rights , but in 2001 lawmakers gave it permission to reduce the stake to 10 percent .",1,1,neutral,True
"However , the offering will probably not be made at the current valuation , which partly derives from the deal in which the company was merged into a stock market shell .",1,0,negative,False
Operating loss totaled EUR 25mn compared to a profit of EUR 63mn in the corresponding period in 2005 .,0,0,negative,True
Loss for the period totalled EUR 15.6 mn compared to a profit of EUR 6.3 mn in 2008 .,0,0,negative,True
"YIT CORPORATION SEPT. 24 , 2007 at 13:30 CORPORATE RELEASE STOCK EXCHANGE RELEASE YIT 'S CAPITAL MARKETS DAY IN LONDON , SEPT. 26 , 2007 On Wednesday , September 26 , 2007 , YIT will hold a Capital Markets Day for investors and analysts in London .",1,1,neutral,True
"Kesko has about 2,000 stores engaged in chain operations in the Nordic and Baltic countries , Russia , and Belarus .",1,1,neutral,True
"The company is in the process of building a new fleet and has placed orders for 10 P-Max tankers of 65,200 dwt .",2,1,neutral,False
The company is reportedly searching for a replacement for CEO Olli-Pekka Kallasvuo .,1,1,neutral,True
"Published by Globes online , Israel business news - www.globes-online.com - on November 16 , 2009 -� Copyright of Globes Publisher Itonut 1983 Ltd. 2009",1,1,neutral,True
"Clothing retail chain Sepp+�l+� 's sales increased by 8 % to EUR 155.2 mn , and operating profit rose to EUR 31.1 mn from EUR 17.1 mn in 2004 .",2,2,positive,True
"The record date for dividend distribution is March 14 , 2008 .",1,1,neutral,True
Passenger volumes rose by 8.4 % in the accounting period .,2,1,neutral,False
Orders received grew by 55 % year-on-year to EUR732m .,2,1,neutral,False
"As with other stakeholders , COMPTEL has been involved in the workshops , meetings and filed comments on the issues of greatest importance to the competitive sector of our industry .",1,1,neutral,True
The Group 's revenue in 2008 amounted to EUR 94 million and the company currently employs approximately 730 people .,1,1,neutral,True
`` Those uncertainties cloud the long-term outlook . '',0,0,negative,True
Salcomp Manufacturing Oy will pay EUR 35 million in cash to Salcomp in connection with the implementation of the sale and transfer of the Business .,1,1,neutral,True
A few employees would remain at the Oulu plant in support functions for other group units .,1,1,neutral,True
"Upon establishment , the plan is directed to approximately 20 persons .",1,1,neutral,True
"Both operating profit and turnover for the six-month period increased , respectively from EUR0 .1 m and EUR29 .0 m , as compared to the corresponding period a year ago .",2,1,neutral,False
"According to Finnish FIM Bank , Alpro 's price would be around EUR 100mn-150mn .",1,1,neutral,True
The fixed acquisition price amounts to NOK 70 ( approximately EUR 8.7 ) million and additional price NOK 15 ( EUR 1.8 ) million at maximum .,1,1,neutral,True
The order includes 48 ship cranes that will be delivered for 12 container feeders to be built at Wenchong shipyard in China .,1,1,neutral,True
The new organization consists of two business units : Charging & Messaging and Finance & Administration .,1,1,neutral,True
The terms of the transactions remained undisclosed .,1,1,neutral,True
"Following the issue , the number of shares in the Swedish company will grow by 9 % .",1,1,neutral,True
"The company will use the money for product development and research activities through 2013 in its key markets Finland , Germany , Italy and France .",1,1,neutral,True
International operations accounted for over 80 % of net sales .,1,1,neutral,True
It is the first application in the market for invoice and purchase requisition approval with a mobile device .,1,1,neutral,True
"Glaston 's share GLA1V is listed on the NASDAQ OMX Helsinki , Mid Cap List .",1,1,neutral,True
Most of the dividend will go to the Grimaldi family .,1,1,neutral,True
"In 2009 , Fiskars ' cash flow from operating activities amounted to EUR121m , up from EUR97m in the previous year .",2,1,neutral,False
"The repayment of EUR 105 million debenture bonds is related to the Company 's previous announcement on October 21 , 2009 to collect irrevocable selling commitments from the holders of its subordinated debenture bonds .",1,1,neutral,True
"Together with Latvia , Cramo will operate 54 rental outlets in the Baltic States .",1,1,neutral,True
To raise consumer awareness and encourage people to recycle their old mobile devices Nokia runs regular recycling campaigns around the world .,1,1,neutral,True
"The total investment in the Vantaa plant extension will amount to around 10 million euro , and Okmetic 's share of the investments will be worth around 2.7 million .",1,1,neutral,True
"Unbelievably , the company that makes them - Fiskars Corporation - was formed in 1649 when a Dutch merchant named Peter Thorwoste was given a charter to establish a blast furnace and forging operation in the small Finnish village of Fiskars .",1,1,neutral,True
The fair value of the company 's investment properties went down to EUR 2.768 billion at the end of 2009 from EUR 2.916 billion a year earlier .,0,0,negative,True
"New Chairman of the Board of Directors , Mr Chaim Katzman , will give a presentation and answer questions .",1,1,neutral,True
"The Samsung Mobile Applications Store was launched in January 2009 by Samsung Mobile Innovator , a program which enables mobile software developers to create applications for use across Samsung mobile devices .",1,1,neutral,True
"Honkarakenne 's customer in this project is one of the biggest real estate companies in Kazakhstan , according to the company .",1,1,neutral,True
No financial details were provided .,1,1,neutral,True
"Mika Stahlberg , VP F-Secure Labs , said , `` We are excited and proud that F-Secure has been recognized by AV-Comparatives as the Product of the Year .",2,2,positive,True
The combined capital of these funds is expected to be EUR 100mn-150mn .,1,1,neutral,True
"In China , Finnish Kone that provides elevators , escalators , and solutions for modernisation and maintenance will build 342 escalators that will be installed in a high-speed railway section between Beijing and Shanghai in a 1.5 years ' time .",2,1,neutral,False
"Advertising and circulation revenues grew by 3.4 % and by 0.4 % , respectively .",2,1,neutral,False
"The total donation amount is EUR 1,115,000 .",1,1,neutral,True
"Kemira , headquartered in Helsinki , Finland , is an international chemicals group comprising the business areas Kemira Pulp & Paper , Kemira Water , Kemira Specialty and Kemira Coatings .",1,1,neutral,True
"` After fixing our home-base , cutting costs and closing the non-profitable units , we are now looking at going forward , ' she said .",2,2,positive,True
"At the same time , the market for automated liquid handling devices is already larger than that for pipettes , according to Biohit .",1,1,neutral,True
"Glaston 's own glass processing unit , Tamglass Glass Processing , is a manufacturer of high quality safety glass products , and operates in Finland .",1,1,neutral,True
Elektrobit ( EB ) has renewed its IT infrastructure contract with ICT services provider Fujitsu Services for EB 's Patja service .,2,1,neutral,False
"The Annual Report contains the financial statements , the consolidated financial statements , the report by the Board of Directors and the auditor 's report .",1,1,neutral,True
The Remote Radio head module will be available at 4W power for 2.5 GHz and 3.5 GHz TDD frequency bands .,1,1,neutral,True
"The Internal Revenue Service sees about 20 percent of all taxpayers wait until the last two weeks to file , with about 40 million returns filed in April .",1,1,neutral,True
The idea of saving electricity in data transfer is still a new one .,1,1,neutral,True
25 November 2010 - Finnish paints and coatings company Tikkurila Oyj ( HEL : TIK1V ) said today that Finnish state-owned investment company Solidium Oy sold its 14.7 % stake in the company for a total of EUR98m .,1,1,neutral,True
"Luna took fifth place on six-under 207 , a shot behind Spain 's Beatriz Recari and Germany 's Martina Eberl , while Welsh player Becky Brewerton was the highest-placed British finisher , sharing seventh place on three-under 210 after shooting 71 .",1,1,neutral,True
The company expects its net sales for the whole 2009 to remain below the 2008 level .,0,0,negative,True
`` People who enjoy mobile games are often the same customers who enjoy experimenting with new mobile services and content .,1,1,neutral,True
"HELSINKI ( AFX ) - Shares closed higher , led by Nokia after it announced plans to team up with Sanyo to manufacture 3G handsets , and by Nokian Tyres after its fourth-quarter earnings report beat analysts ' expectations , dealers said .",2,2,positive,True
Sanoma Corporation wants a new and better frequency for the Helsinki metropolitan area .,1,1,neutral,True
The sellers were EOSS Innovationsmanagement and a group of private individuals .,1,1,neutral,True
The webcast may be followed online on the company website at www.ruukki.com/investors .,1,1,neutral,True
Autotank Group is part of Aspo 's Systems Division .,1,1,neutral,True
"Sales in Finland decreased by 10.5 % in January , while sales outside Finland dropped by 17 % .",0,0,negative,True
"Huhtamaki 's rigid plastic consumer goods operations , which are mainly in Europe , will be separated into a new reporting segment as of 1 January 2009 .",1,1,neutral,True
Rautaruukki said construction group YIT has awarded it a 2.5 mln eur contract to supply the steel structures for a new bridge spanning the Kemijoki river in Northern Finland .,2,1,neutral,False
"The Committee proposes the following remuneration : a monthly remuneration of EUR 5,000 for the Chairman , EUR 3,500 for the Deputy Chairman , and EUR 2,500 for the other Board members .",1,1,neutral,True
`` Social networking and location-based service trends comprise a significant share of the Internet traffic today and are appealing to MID users .,1,1,neutral,True
"Finnish high technology provider Vaahto Group reports net sales of EUR 41.8 mn in the accounting period September 2007 - February 2008 , an increase of 11.2 % from a year earlier .",2,1,neutral,False
The company distributes Hiab 's products as well as other products .,1,1,neutral,True
The company will release its 2010 results on 11 February 2011 .,1,1,neutral,True
These measures are expected to produce annual cost savings of EUR 1.5 million starting in 2007 .,2,1,neutral,False
"Coca-Cola was the market leader of manufacturers with a market share of 36.9 % , down 2.2 % from the corresponding period in 2004-2005 .",0,1,neutral,False
"Lassila & Tikanoja 's operating profit excluding non-recurring and imputed items for the second quarter was EUR11 .3 m , down from EUR13 .8 m a year ago .",0,0,negative,True
Talvivaara has secured a 10-year off-take agreement for 100 per cent of its main output of nickel and cobalt to Norilsk Nickel and entered into a long-term zinc streaming agreement with Nyrstar NV .,2,1,neutral,False
"Viking will pay EUR 130 million for the new ship , which will be completed in January 2008 .",1,1,neutral,True
The manufacturing will begin in Pietarsaari in the beginning of the year 2009 and the delivery will take place in October 2009 .,1,1,neutral,True
Finnish office supplies and computer accessories dealer Beltton-Group Plc said its net profit rose to 1.3 mln euro ( $ 1.7 mln ) in 2006 from 1.13 mln euro ( $ 1.5 mln ) in 2005 .,2,2,positive,True
Net sales increased to EUR193 .3 m from EUR179 .9 m and pretax profit rose by 34.2 % to EUR43 .1 m. ( EUR1 = USD1 .4 ),2,1,neutral,False
"Revenue in July to September grew 14 percent to ( EURO ) 467 million from a year earlier , the company said Thursday .",2,2,positive,True
"In the first quarter of 2008 , Sacanfil 's net sales totalled EUR 50.0 mn and its operating profit EUR 4.7 mn .",1,1,neutral,True
VNH generates annual net sales of about 5 mln eur and employs 21 people .,1,1,neutral,True
Active shipping is essential for Finland .,1,1,neutral,True
Panostaja did not disclose the purchase price .,1,1,neutral,True
Kershaw takes up the position with immediate effect from her previous role as marketing manager of Sankey Home & Garden Products .,1,1,neutral,True
The customer is local company Etera Mutual Pension Insurance Co and the principal tenant of the unit will be media company Alma Media Corp HEL : ALN1V .,1,1,neutral,True
"Strongest growth was seen in the new markets in Russia , the Czech Republic , and Slovakia .",2,2,positive,True
"After the takeover , Cramo will become the second largest rental services provider in the Latvian market .",2,1,neutral,False
"At 12.01 pm , the OMX Helsinki 25 was down 0.66 pct to 3,143.57 and the OMX Helsinki was 0.67 pct lower at 10,530.74 on 253 mln eur turnover .",0,0,negative,True
"Operating loss totalled EUR 5.2 mn , compared to a loss of EUR 3.4 mn in the corresponding period in 2008-2009 .",0,0,negative,True
"The Apple Inc. iPhone wo n't change the game plan for Verizon Communications Inc. , Chief Executive Ivan Seidenberg said Wednesday .",1,1,neutral,True
Kemira shares closed at (  x20ac ) 16.66 ( $ 22US .71 ) .,1,1,neutral,True
Ixonos will finance the acquisition through a 3.8 mln euro $ 5.2 mln loan .,1,1,neutral,True
Why put up costly cell phone towers in thinly populated areas when a few balloons would do ?,1,0,negative,False
Nokia Messaging 1.1 enables customers to receive e-mails from up to 10 e-mail accounts on their mobile phone supporting all POP or IMAP e-mail services .,1,1,neutral,True
"Sales in Latin America increased by 42 % to EUR 432mn , and a total of 8.7 mn mobile devices were sold in the area , representing an increase of 32 % from the corresponding period in 2009 .",2,2,positive,True
"Amer Sports divests an industrial site in Rumilly , France -  This announcement is distributed by Thomson Reuters on behalf of Thomson Reuters clients .",1,1,neutral,True
"LIGHTS OUT Before curfew , curl up with the latest bestseller and treat your eyes to the perfect reading light from Luceplan .",1,1,neutral,True
"Seppala 's revenue increased by 0.2 % to EUR10 .1 m. In Finland , revenue went down by 2.4 % to EUR6 .8 m , while sales abroad rose by 6.2 % to EUR3 .3 m. Sales increased in all the Baltic countries as well as in Russia and Ukraine .",2,1,neutral,False
South African Sappi will become the largest foreign forest industry company operating in Finland as a result of the acquisition Finnish M-real Corporation 's Graphic Papers Business unit .,2,1,neutral,False
"At some point , it will spread also to Iran and Iraq .",1,0,negative,False
The company said that the results of the third quarter do not include non-recurring items .,1,1,neutral,True
"Both operating profit and sales for the three-month period increased , respectively from EUR0 .3 m and EUR13 .1 m , as compared to the corresponding period in 2005 .",2,2,positive,True
"Belarus OAO Lidskoe Pivo brewery , based in the Grodno Region , reported a 1.1 % decrease in output to 1.045 million decaliters in January-March 2010 , a representative in the administration of the company told .",0,1,neutral,False
"Meanwhile , Alfa owns 25.1 % of MegaFon through Altimo , and 4.99 % of Turkcell via an 18.5 % stake in Cukurova Holding .",1,1,neutral,True
The company reports a loss for the period of EUR 0.4 mn compared to a loss of EUR 1.9 mn in the corresponding period in 2005 .,2,0,negative,False
F-Secure Online Backup automatically protects all the content stored on a computer or smartphone by making a copy of the content to an online location .,1,1,neutral,True
The indexes include the top companies that are committed to sustainable development .,1,1,neutral,True
Cash flow from operations in January-December 2008 was a negative EUR 18.1 mn compared to EUR 39.0 mn in the corresponding period in 2007 .,0,1,neutral,False
"Country : , Finland Sector : Construction-Real Estate Target : Pohjolan Design-Talo Oy Buyer : CapMan Oyj Vendor : Ruukki Group Oyj Deal size in USD : 102.6 m Type : Divestment Status : Agreed",1,1,neutral,True
"Fiskars is also engaged in the global supply of marine and energy equipment solutions and services through its associated company , Wartsila Corporation .",1,1,neutral,True
